{
  "moonducktalesoneunknownartistone": {
    "sounds": [
      {
        "name": "records/moonducktalesoneunknownartistone",
        "stream": true
      },
      {
        "name": "records/moonducktalesoneunknownartistone",
        "stream": true
      }
    ]
  },
  "panjabimcmundiantobachkebewareoftheboysofficialvideounknownartistoneunknownartistone": {
    "sounds": [
      {
        "name": "records/panjabimcmundiantobachkebewareoftheboysofficialvideounknownartistoneunknownartistone",
        "stream": true
      },
      {
        "name": "records/panjabimcmundiantobachkebewareoftheboysofficialvideounknownartistoneunknownartistone",
        "stream": true
      }
    ]
  },
  "overworldsupermariobrostwooneunknownartistone": {
    "sounds": [
      {
        "name": "records/overworldsupermariobrostwooneunknownartistone",
        "stream": true
      },
      {
        "name": "records/overworldsupermariobrostwooneunknownartistone",
        "stream": true
      }
    ]
  },
  "steveslavachickenunknownartistone": {
    "sounds": [
      {
        "name": "records/steveslavachickenunknownartistone",
        "stream": true
      },
      {
        "name": "records/steveslavachickenunknownartistone",
        "stream": true
      }
    ]
  },
  "retirefinalalvedononeunknownartistone": {
    "sounds": [
      {
        "name": "records/retirefinalalvedononeunknownartistone",
        "stream": true
      },
      {
        "name": "records/retirefinalalvedononeunknownartistone",
        "stream": true
      }
    ]
  },
  "ambienslidecigarettesaftersexunknownartistoneunknownartistone": {
    "sounds": [
      {
        "name": "records/ambienslidecigarettesaftersexunknownartistoneunknownartistone",
        "stream": true
      },
      {
        "name": "records/ambienslidecigarettesaftersexunknownartistoneunknownartistone",
        "stream": true
      }
    ]
  },
  "titlezeldaocarinaoftimeoneunknownartistone": {
    "sounds": [
      {
        "name": "records/titlezeldaocarinaoftimeoneunknownartistone",
        "stream": true
      },
      {
        "name": "records/titlezeldaocarinaoftimeoneunknownartistone",
        "stream": true
      }
    ]
  },
  "overworlddayterrariaoneunknownartistone": {
    "sounds": [
      {
        "name": "records/overworlddayterrariaoneunknownartistone",
        "stream": true
      },
      {
        "name": "records/overworlddayterrariaoneunknownartistone",
        "stream": true
      }
    ]
  },
  "boomboxfivelethalcompanyoneunknownartistone": {
    "sounds": [
      {
        "name": "records/boomboxfivelethalcompanyoneunknownartistone",
        "stream": true
      },
      {
        "name": "records/boomboxfivelethalcompanyoneunknownartistone",
        "stream": true
      }
    ]
  },
  "silversablecigarettesaftersexunknownartistoneunknownartistone": {
    "sounds": [
      {
        "name": "records/silversablecigarettesaftersexunknownartistoneunknownartistone",
        "stream": true
      },
      {
        "name": "records/silversablecigarettesaftersexunknownartistoneunknownartistone",
        "stream": true
      }
    ]
  },
  "gerudovalleyzeldaocarinaoftimeoneunknownartistone": {
    "sounds": [
      {
        "name": "records/gerudovalleyzeldaocarinaoftimeoneunknownartistone",
        "stream": true
      },
      {
        "name": "records/gerudovalleyzeldaocarinaoftimeoneunknownartistone",
        "stream": true
      }
    ]
  },
  "stardewvalleyostdanceofthemoonlightjelliesoneunknownartistone": {
    "sounds": [
      {
        "name": "records/stardewvalleyostdanceofthemoonlightjelliesoneunknownartistone",
        "stream": true
      },
      {
        "name": "records/stardewvalleyostdanceofthemoonlightjelliesoneunknownartistone",
        "stream": true
      }
    ]
  },
  "youngdumbcigarettesaftersexunknownartistoneunknownartistone": {
    "sounds": [
      {
        "name": "records/youngdumbcigarettesaftersexunknownartistoneunknownartistone",
        "stream": true
      },
      {
        "name": "records/youngdumbcigarettesaftersexunknownartistoneunknownartistone",
        "stream": true
      }
    ]
  },
  "akonlonelyunknownartistoneunknownartistone": {
    "sounds": [
      {
        "name": "records/akonlonelyunknownartistoneunknownartistone",
        "stream": true
      },
      {
        "name": "records/akonlonelyunknownartistoneunknownartistone",
        "stream": true
      }
    ]
  },
  "motionpicturesoundtrackcigarettesaftersexoneunknownartistone": {
    "sounds": [
      {
        "name": "records/motionpicturesoundtrackcigarettesaftersexoneunknownartistone",
        "stream": true
      },
      {
        "name": "records/motionpicturesoundtrackcigarettesaftersexoneunknownartistone",
        "stream": true
      }
    ]
  },
  "sesamesyrupcigarettesaftersexoneunknownartistone": {
    "sounds": [
      {
        "name": "records/sesamesyrupcigarettesaftersexoneunknownartistone",
        "stream": true
      },
      {
        "name": "records/sesamesyrupcigarettesaftersexoneunknownartistone",
        "stream": true
      }
    ]
  },
  "craftmydreamunknownartistoneunknownartistone": {
    "sounds": [
      {
        "name": "records/craftmydreamunknownartistoneunknownartistone",
        "stream": true
      },
      {
        "name": "records/craftmydreamunknownartistoneunknownartistone",
        "stream": true
      }
    ]
  },
  "pistolcigarettesaftersexoneunknownartistone": {
    "sounds": [
      {
        "name": "records/pistolcigarettesaftersexoneunknownartistone",
        "stream": true
      },
      {
        "name": "records/pistolcigarettesaftersexoneunknownartistone",
        "stream": true
      }
    ]
  },
  "moonlitalectricitioneunknownartistone": {
    "sounds": [
      {
        "name": "records/moonlitalectricitioneunknownartistone",
        "stream": true
      },
      {
        "name": "records/moonlitalectricitioneunknownartistone",
        "stream": true
      }
    ]
  },
  "astheworldcavesinone": {
    "sounds": [
      {
        "name": "records/astheworldcavesinone",
        "stream": true
      },
      {
        "name": "records/astheworldcavesinone",
        "stream": true
      }
    ]
  },
  "thecaretakerlibetsdelayone": {
    "sounds": [
      {
        "name": "records/thecaretakerlibetsdelayone",
        "stream": true
      },
      {
        "name": "records/thecaretakerlibetsdelayone",
        "stream": true
      }
    ]
  },
  "zorasdomainone": {
    "sounds": [
      {
        "name": "records/zorasdomainone",
        "stream": true
      },
      {
        "name": "records/zorasdomainone",
        "stream": true
      }
    ]
  },
  "greatfairyfountainone": {
    "sounds": [
      {
        "name": "records/greatfairyfountainone",
        "stream": true
      },
      {
        "name": "records/greatfairyfountainone",
        "stream": true
      }
    ]
  },
  "ratatouilleone": {
    "sounds": [
      {
        "name": "records/ratatouilleone",
        "stream": true
      },
      {
        "name": "records/ratatouilleone",
        "stream": true
      }
    ]
  },
  "amusealectricitione": {
    "sounds": [
      {
        "name": "records/amusealectricitione",
        "stream": true
      },
      {
        "name": "records/amusealectricitione",
        "stream": true
      }
    ]
  },
  "memetoalectricitione": {
    "sounds": [
      {
        "name": "records/memetoalectricitione",
        "stream": true
      },
      {
        "name": "records/memetoalectricitione",
        "stream": true
      }
    ]
  },
  "playalectricitione": {
    "sounds": [
      {
        "name": "records/playalectricitione",
        "stream": true
      },
      {
        "name": "records/playalectricitione",
        "stream": true
      }
    ]
  },
  "shenanigansalectricitione": {
    "sounds": [
      {
        "name": "records/shenanigansalectricitione",
        "stream": true
      },
      {
        "name": "records/shenanigansalectricitione",
        "stream": true
      }
    ]
  },
  "concerninghobbitshowardshoreone": {
    "sounds": [
      {
        "name": "records/concerninghobbitshowardshoreone",
        "stream": true
      }
    ]
  },
  "ultimatelykhaidreamsone": {
    "sounds": [
      {
        "name": "records/ultimatelykhaidreamsone",
        "stream": true
      }
    ]
  }
}