{
  "parent": "item/generated",
  "textures": {
    "layer0": "item/disc_fragment_5"
  },
  "overrides": [
    {
      "predicate": {
        "custom_model_data": 29
      },
      "model": "item/fragment_moonducktalesoneunknownartistone"
    },
    {
      "predicate": {
        "custom_model_data": 24
      },
      "model": "item/fragment_panjabimcmundiantobachkebewareoftheboysofficialvideounknownartistoneunknownartistone"
    },
    {
      "predicate": {
        "custom_model_data": 25
      },
      "model": "item/fragment_overworldsupermariobrostwooneunknownartistone"
    },
    {
      "predicate": {
        "custom_model_data": 13
      },
      "model": "item/fragment_steveslavachickenunknownartistone"
    },
    {
      "predicate": {
        "custom_model_data": 14
      },
      "model": "item/fragment_retirefinalalvedononeunknownartistone"
    },
    {
      "predicate": {
        "custom_model_data": 15
      },
      "model": "item/fragment_ambienslidecigarettesaftersexunknownartistoneunknownartistone"
    },
    {
      "predicate": {
        "custom_model_data": 16
      },
      "model": "item/fragment_titlezeldaocarinaoftimeoneunknownartistone"
    },
    {
      "predicate": {
        "custom_model_data": 17
      },
      "model": "item/fragment_overworlddayterrariaoneunknownartistone"
    },
    {
      "predicate": {
        "custom_model_data": 18
      },
      "model": "item/fragment_boomboxfivelethalcompanyoneunknownartistone"
    },
    {
      "predicate": {
        "custom_model_data": 19
      },
      "model": "item/fragment_silversablecigarettesaftersexunknownartistoneunknownartistone"
    },
    {
      "predicate": {
        "custom_model_data": 20
      },
      "model": "item/fragment_gerudovalleyzeldaocarinaoftimeoneunknownartistone"
    },
    {
      "predicate": {
        "custom_model_data": 1
      },
      "model": "item/fragment_stardewvalleyostdanceofthemoonlightjelliesoneunknownartistone"
    },
    {
      "predicate": {
        "custom_model_data": 2
      },
      "model": "item/fragment_youngdumbcigarettesaftersexunknownartistoneunknownartistone"
    },
    {
      "predicate": {
        "custom_model_data": 3
      },
      "model": "item/fragment_akonlonelyunknownartistoneunknownartistone"
    },
    {
      "predicate": {
        "custom_model_data": 4
      },
      "model": "item/fragment_motionpicturesoundtrackcigarettesaftersexoneunknownartistone"
    },
    {
      "predicate": {
        "custom_model_data": 5
      },
      "model": "item/fragment_sesamesyrupcigarettesaftersexoneunknownartistone"
    },
    {
      "predicate": {
        "custom_model_data": 6
      },
      "model": "item/fragment_craftmydreamunknownartistoneunknownartistone"
    },
    {
      "predicate": {
        "custom_model_data": 7
      },
      "model": "item/fragment_pistolcigarettesaftersexoneunknownartistone"
    },
    {
      "predicate": {
        "custom_model_data": 8
      },
      "model": "item/fragment_moonlitalectricitioneunknownartistone"
    },
    {
      "predicate": {
        "custom_model_data": 9
      },
      "model": "item/fragment_astheworldcavesinone"
    },
    {
      "predicate": {
        "custom_model_data": 10
      },
      "model": "item/fragment_thecaretakerlibetsdelayone"
    },
    {
      "predicate": {
        "custom_model_data": 11
      },
      "model": "item/fragment_zorasdomainone"
    },
    {
      "predicate": {
        "custom_model_data": 12
      },
      "model": "item/fragment_greatfairyfountainone"
    },
    {
      "predicate": {
        "custom_model_data": 21
      },
      "model": "item/fragment_ratatouilleone"
    },
    {
      "predicate": {
        "custom_model_data": 22
      },
      "model": "item/fragment_amusealectricitione"
    },
    {
      "predicate": {
        "custom_model_data": 23
      },
      "model": "item/fragment_memetoalectricitione"
    },
    {
      "predicate": {
        "custom_model_data": 26
      },
      "model": "item/fragment_playalectricitione"
    },
    {
      "predicate": {
        "custom_model_data": 27
      },
      "model": "item/fragment_shenanigansalectricitione"
    },
    {
      "predicate": {
        "custom_model_data": 28
      },
      "model": "item/fragment_moonducktalesoneunknownartistone"
    },
    {
      "predicate": {
        "custom_model_data": 29
      },
      "model": "item/fragment_panjabimcmundiantobachkebewareoftheboysofficialvideounknownartistoneunknownartistone"
    },
    {
      "predicate": {
        "custom_model_data": 24
      },
      "model": "item/fragment_overworldsupermariobrostwooneunknownartistone"
    },
    {
      "predicate": {
        "custom_model_data": 25
      },
      "model": "item/fragment_steveslavachickenunknownartistone"
    },
    {
      "predicate": {
        "custom_model_data": 13
      },
      "model": "item/fragment_retirefinalalvedononeunknownartistone"
    },
    {
      "predicate": {
        "custom_model_data": 14
      },
      "model": "item/fragment_ambienslidecigarettesaftersexunknownartistoneunknownartistone"
    },
    {
      "predicate": {
        "custom_model_data": 15
      },
      "model": "item/fragment_titlezeldaocarinaoftimeoneunknownartistone"
    },
    {
      "predicate": {
        "custom_model_data": 16
      },
      "model": "item/fragment_overworlddayterrariaoneunknownartistone"
    },
    {
      "predicate": {
        "custom_model_data": 17
      },
      "model": "item/fragment_boomboxfivelethalcompanyoneunknownartistone"
    },
    {
      "predicate": {
        "custom_model_data": 18
      },
      "model": "item/fragment_silversablecigarettesaftersexunknownartistoneunknownartistone"
    },
    {
      "predicate": {
        "custom_model_data": 19
      },
      "model": "item/fragment_gerudovalleyzeldaocarinaoftimeoneunknownartistone"
    },
    {
      "predicate": {
        "custom_model_data": 20
      },
      "model": "item/fragment_stardewvalleyostdanceofthemoonlightjelliesoneunknownartistone"
    },
    {
      "predicate": {
        "custom_model_data": 1
      },
      "model": "item/fragment_youngdumbcigarettesaftersexunknownartistoneunknownartistone"
    },
    {
      "predicate": {
        "custom_model_data": 2
      },
      "model": "item/fragment_akonlonelyunknownartistoneunknownartistone"
    },
    {
      "predicate": {
        "custom_model_data": 3
      },
      "model": "item/fragment_motionpicturesoundtrackcigarettesaftersexoneunknownartistone"
    },
    {
      "predicate": {
        "custom_model_data": 4
      },
      "model": "item/fragment_sesamesyrupcigarettesaftersexoneunknownartistone"
    },
    {
      "predicate": {
        "custom_model_data": 5
      },
      "model": "item/fragment_craftmydreamunknownartistoneunknownartistone"
    },
    {
      "predicate": {
        "custom_model_data": 6
      },
      "model": "item/fragment_pistolcigarettesaftersexoneunknownartistone"
    },
    {
      "predicate": {
        "custom_model_data": 7
      },
      "model": "item/fragment_moonlitalectricitioneunknownartistone"
    },
    {
      "predicate": {
        "custom_model_data": 8
      },
      "model": "item/fragment_astheworldcavesinone"
    },
    {
      "predicate": {
        "custom_model_data": 9
      },
      "model": "item/fragment_thecaretakerlibetsdelayone"
    },
    {
      "predicate": {
        "custom_model_data": 10
      },
      "model": "item/fragment_zorasdomainone"
    },
    {
      "predicate": {
        "custom_model_data": 11
      },
      "model": "item/fragment_greatfairyfountainone"
    },
    {
      "predicate": {
        "custom_model_data": 12
      },
      "model": "item/fragment_ratatouilleone"
    },
    {
      "predicate": {
        "custom_model_data": 21
      },
      "model": "item/fragment_amusealectricitione"
    },
    {
      "predicate": {
        "custom_model_data": 22
      },
      "model": "item/fragment_memetoalectricitione"
    },
    {
      "predicate": {
        "custom_model_data": 23
      },
      "model": "item/fragment_playalectricitione"
    },
    {
      "predicate": {
        "custom_model_data": 26
      },
      "model": "item/fragment_shenanigansalectricitione"
    },
    {
      "predicate": {
        "custom_model_data": 27
      },
      "model": "item/fragment_concerninghobbitshowardshoreone"
    },
    {
      "predicate": {
        "custom_model_data": 30
      },
      "model": "item/fragment_ultimatelykhaidreamsone"
    }
  ]
}