{
  "parent": "item/generated",
  "textures": {
    "layer0": "item/music_disc_11"
  },
  "overrides": [
    {
      "predicate": {
        "custom_model_data": 29
      },
      "model": "item/music_disc_moonducktalesoneunknownartistone"
    },
    {
      "predicate": {
        "custom_model_data": 24
      },
      "model": "item/music_disc_panjabimcmundiantobachkebewareoftheboysofficialvideounknownartistoneunknownartistone"
    },
    {
      "predicate": {
        "custom_model_data": 25
      },
      "model": "item/music_disc_overworldsupermariobrostwooneunknownartistone"
    },
    {
      "predicate": {
        "custom_model_data": 13
      },
      "model": "item/music_disc_steveslavachickenunknownartistone"
    },
    {
      "predicate": {
        "custom_model_data": 14
      },
      "model": "item/music_disc_retirefinalalvedononeunknownartistone"
    },
    {
      "predicate": {
        "custom_model_data": 15
      },
      "model": "item/music_disc_ambienslidecigarettesaftersexunknownartistoneunknownartistone"
    },
    {
      "predicate": {
        "custom_model_data": 16
      },
      "model": "item/music_disc_titlezeldaocarinaoftimeoneunknownartistone"
    },
    {
      "predicate": {
        "custom_model_data": 17
      },
      "model": "item/music_disc_overworlddayterrariaoneunknownartistone"
    },
    {
      "predicate": {
        "custom_model_data": 18
      },
      "model": "item/music_disc_boomboxfivelethalcompanyoneunknownartistone"
    },
    {
      "predicate": {
        "custom_model_data": 19
      },
      "model": "item/music_disc_silversablecigarettesaftersexunknownartistoneunknownartistone"
    },
    {
      "predicate": {
        "custom_model_data": 20
      },
      "model": "item/music_disc_gerudovalleyzeldaocarinaoftimeoneunknownartistone"
    },
    {
      "predicate": {
        "custom_model_data": 1
      },
      "model": "item/music_disc_stardewvalleyostdanceofthemoonlightjelliesoneunknownartistone"
    },
    {
      "predicate": {
        "custom_model_data": 2
      },
      "model": "item/music_disc_youngdumbcigarettesaftersexunknownartistoneunknownartistone"
    },
    {
      "predicate": {
        "custom_model_data": 3
      },
      "model": "item/music_disc_akonlonelyunknownartistoneunknownartistone"
    },
    {
      "predicate": {
        "custom_model_data": 4
      },
      "model": "item/music_disc_motionpicturesoundtrackcigarettesaftersexoneunknownartistone"
    },
    {
      "predicate": {
        "custom_model_data": 5
      },
      "model": "item/music_disc_sesamesyrupcigarettesaftersexoneunknownartistone"
    },
    {
      "predicate": {
        "custom_model_data": 6
      },
      "model": "item/music_disc_craftmydreamunknownartistoneunknownartistone"
    },
    {
      "predicate": {
        "custom_model_data": 7
      },
      "model": "item/music_disc_pistolcigarettesaftersexoneunknownartistone"
    },
    {
      "predicate": {
        "custom_model_data": 8
      },
      "model": "item/music_disc_moonlitalectricitioneunknownartistone"
    },
    {
      "predicate": {
        "custom_model_data": 9
      },
      "model": "item/music_disc_astheworldcavesinone"
    },
    {
      "predicate": {
        "custom_model_data": 10
      },
      "model": "item/music_disc_thecaretakerlibetsdelayone"
    },
    {
      "predicate": {
        "custom_model_data": 11
      },
      "model": "item/music_disc_zorasdomainone"
    },
    {
      "predicate": {
        "custom_model_data": 12
      },
      "model": "item/music_disc_greatfairyfountainone"
    },
    {
      "predicate": {
        "custom_model_data": 21
      },
      "model": "item/music_disc_ratatouilleone"
    },
    {
      "predicate": {
        "custom_model_data": 22
      },
      "model": "item/music_disc_amusealectricitione"
    },
    {
      "predicate": {
        "custom_model_data": 23
      },
      "model": "item/music_disc_memetoalectricitione"
    },
    {
      "predicate": {
        "custom_model_data": 26
      },
      "model": "item/music_disc_playalectricitione"
    },
    {
      "predicate": {
        "custom_model_data": 27
      },
      "model": "item/music_disc_shenanigansalectricitione"
    },
    {
      "predicate": {
        "custom_model_data": 28
      },
      "model": "item/music_disc_moonducktalesoneunknownartistone"
    },
    {
      "predicate": {
        "custom_model_data": 29
      },
      "model": "item/music_disc_panjabimcmundiantobachkebewareoftheboysofficialvideounknownartistoneunknownartistone"
    },
    {
      "predicate": {
        "custom_model_data": 24
      },
      "model": "item/music_disc_overworldsupermariobrostwooneunknownartistone"
    },
    {
      "predicate": {
        "custom_model_data": 25
      },
      "model": "item/music_disc_steveslavachickenunknownartistone"
    },
    {
      "predicate": {
        "custom_model_data": 13
      },
      "model": "item/music_disc_retirefinalalvedononeunknownartistone"
    },
    {
      "predicate": {
        "custom_model_data": 14
      },
      "model": "item/music_disc_ambienslidecigarettesaftersexunknownartistoneunknownartistone"
    },
    {
      "predicate": {
        "custom_model_data": 15
      },
      "model": "item/music_disc_titlezeldaocarinaoftimeoneunknownartistone"
    },
    {
      "predicate": {
        "custom_model_data": 16
      },
      "model": "item/music_disc_overworlddayterrariaoneunknownartistone"
    },
    {
      "predicate": {
        "custom_model_data": 17
      },
      "model": "item/music_disc_boomboxfivelethalcompanyoneunknownartistone"
    },
    {
      "predicate": {
        "custom_model_data": 18
      },
      "model": "item/music_disc_silversablecigarettesaftersexunknownartistoneunknownartistone"
    },
    {
      "predicate": {
        "custom_model_data": 19
      },
      "model": "item/music_disc_gerudovalleyzeldaocarinaoftimeoneunknownartistone"
    },
    {
      "predicate": {
        "custom_model_data": 20
      },
      "model": "item/music_disc_stardewvalleyostdanceofthemoonlightjelliesoneunknownartistone"
    },
    {
      "predicate": {
        "custom_model_data": 1
      },
      "model": "item/music_disc_youngdumbcigarettesaftersexunknownartistoneunknownartistone"
    },
    {
      "predicate": {
        "custom_model_data": 2
      },
      "model": "item/music_disc_akonlonelyunknownartistoneunknownartistone"
    },
    {
      "predicate": {
        "custom_model_data": 3
      },
      "model": "item/music_disc_motionpicturesoundtrackcigarettesaftersexoneunknownartistone"
    },
    {
      "predicate": {
        "custom_model_data": 4
      },
      "model": "item/music_disc_sesamesyrupcigarettesaftersexoneunknownartistone"
    },
    {
      "predicate": {
        "custom_model_data": 5
      },
      "model": "item/music_disc_craftmydreamunknownartistoneunknownartistone"
    },
    {
      "predicate": {
        "custom_model_data": 6
      },
      "model": "item/music_disc_pistolcigarettesaftersexoneunknownartistone"
    },
    {
      "predicate": {
        "custom_model_data": 7
      },
      "model": "item/music_disc_moonlitalectricitioneunknownartistone"
    },
    {
      "predicate": {
        "custom_model_data": 8
      },
      "model": "item/music_disc_astheworldcavesinone"
    },
    {
      "predicate": {
        "custom_model_data": 9
      },
      "model": "item/music_disc_thecaretakerlibetsdelayone"
    },
    {
      "predicate": {
        "custom_model_data": 10
      },
      "model": "item/music_disc_zorasdomainone"
    },
    {
      "predicate": {
        "custom_model_data": 11
      },
      "model": "item/music_disc_greatfairyfountainone"
    },
    {
      "predicate": {
        "custom_model_data": 12
      },
      "model": "item/music_disc_ratatouilleone"
    },
    {
      "predicate": {
        "custom_model_data": 21
      },
      "model": "item/music_disc_amusealectricitione"
    },
    {
      "predicate": {
        "custom_model_data": 22
      },
      "model": "item/music_disc_memetoalectricitione"
    },
    {
      "predicate": {
        "custom_model_data": 23
      },
      "model": "item/music_disc_playalectricitione"
    },
    {
      "predicate": {
        "custom_model_data": 26
      },
      "model": "item/music_disc_shenanigansalectricitione"
    },
    {
      "predicate": {
        "custom_model_data": 27
      },
      "model": "item/music_disc_concerninghobbitshowardshoreone"
    },
    {
      "predicate": {
        "custom_model_data": 30
      },
      "model": "item/music_disc_ultimatelykhaidreamsone"
    }
  ]
}