[
  {
    "title": "Moon",
    "author": "ducktales",
    "duration": 93,
    "disc-namespace": "moonducktalesoneunknownartistone",
    "model-data": 28,
    "creeper-drop": true,
    "lores": [],
    "loot-tables": {
      "chests/trial_chambers/supply": 3,
      "chests/trial_chambers/intersection_barrel": 3,
      "chests/trial_chambers/intersection": 3,
      "chests/trial_chambers/entrance": 3,
      "chests/trial_chambers/corridor": 3,
      "pots/trial_chambers/corridor": 4,
      "chests/trial_chambers/reward": 4,
      "chests/trial_chambers/reward_ominous": 1,
      "spawners/trial_chamber/consumables": 1,
      "spawners/ominous/trial_chamber/consumables": 1,
      "chests/ancient_city": 3,
      "chests/ancient_city_ice_box": 3,
      "chests/bastion_bridge": 3,
      "chests/bastion_hoglin_treasure": 3,
      "chests/bastion_other": 3,
      "chests/bastion_treasure": 3,
      "chests/desert_pyramid": 4,
      "chests/simple_dungeon": 4,
      "chests/nether_bridge": 4,
      "chests/ruined_portal": 4,
      "chests/pillager_outpost": 4,
      "chests/shipwreck_map": 4,
      "chests/shipwreck_supply": 4,
      "chests/shipwreck_treasure": 4,
      "chests/stronghold_corridor": 4,
      "chests/stronghold_crossing": 4,
      "chests/village/village_plains_house": 4,
      "chests/village/village_savanna_house": 4,
      "chests/village/village_desert_house": 4,
      "chests/village/village_snowy_house": 4,
      "chests/village/village_taiga_house": 4,
      "chests/woodland_mansion": 4,
      "chests/abandoned_mineshaft": 4,
      "archaeology/desert_well": 4
    },
    "fragment-loot-tables": {}
  },
  {
    "title": "Panjabi mc",
    "author": "Unknown artist",
    "duration": 237,
    "disc-namespace": "panjabimcmundiantobachkebewareoftheboysofficialvideounknownartistoneunknownartistone",
    "model-data": 29,
    "creeper-drop": true,
    "lores": [],
    "loot-tables": {
      "chests/trial_chambers/supply": 3,
      "chests/trial_chambers/intersection_barrel": 3,
      "chests/trial_chambers/intersection": 3,
      "chests/trial_chambers/entrance": 3,
      "chests/trial_chambers/corridor": 3,
      "pots/trial_chambers/corridor": 4,
      "chests/trial_chambers/reward": 4,
      "chests/trial_chambers/reward_ominous": 1,
      "spawners/trial_chamber/consumables": 1,
      "spawners/ominous/trial_chamber/consumables": 1,
      "chests/ancient_city": 3,
      "chests/ancient_city_ice_box": 3,
      "chests/bastion_bridge": 3,
      "chests/bastion_hoglin_treasure": 3,
      "chests/bastion_other": 3,
      "chests/bastion_treasure": 3,
      "chests/desert_pyramid": 4,
      "chests/simple_dungeon": 4,
      "chests/nether_bridge": 4,
      "chests/ruined_portal": 4,
      "chests/pillager_outpost": 4,
      "chests/shipwreck_map": 4,
      "chests/shipwreck_supply": 4,
      "chests/shipwreck_treasure": 4,
      "chests/stronghold_corridor": 4,
      "chests/stronghold_crossing": 4,
      "chests/village/village_plains_house": 4,
      "chests/village/village_savanna_house": 4,
      "chests/village/village_desert_house": 4,
      "chests/village/village_snowy_house": 4,
      "chests/village/village_taiga_house": 4,
      "chests/woodland_mansion": 4,
      "chests/abandoned_mineshaft": 4,
      "archaeology/desert_well": 4
    },
    "fragment-loot-tables": {}
  },
  {
    "title": "Overworld",
    "author": "Super Mario Bros",
    "duration": 176,
    "disc-namespace": "overworldsupermariobrostwooneunknownartistone",
    "model-data": 24,
    "creeper-drop": true,
    "lores": [],
    "loot-tables": {
      "chests/trial_chambers/supply": 3,
      "chests/trial_chambers/intersection_barrel": 3,
      "chests/trial_chambers/intersection": 3,
      "chests/trial_chambers/entrance": 3,
      "chests/trial_chambers/corridor": 3,
      "pots/trial_chambers/corridor": 4,
      "chests/trial_chambers/reward": 4,
      "chests/trial_chambers/reward_ominous": 1,
      "spawners/trial_chamber/consumables": 1,
      "spawners/ominous/trial_chamber/consumables": 1,
      "chests/ancient_city": 3,
      "chests/ancient_city_ice_box": 3,
      "chests/bastion_bridge": 3,
      "chests/bastion_hoglin_treasure": 3,
      "chests/bastion_other": 3,
      "chests/bastion_treasure": 3,
      "chests/desert_pyramid": 4,
      "chests/simple_dungeon": 4,
      "chests/nether_bridge": 4,
      "chests/ruined_portal": 4,
      "chests/pillager_outpost": 4,
      "chests/shipwreck_map": 4,
      "chests/shipwreck_supply": 4,
      "chests/shipwreck_treasure": 4,
      "chests/stronghold_corridor": 4,
      "chests/stronghold_crossing": 4,
      "chests/village/village_plains_house": 4,
      "chests/village/village_savanna_house": 4,
      "chests/village/village_desert_house": 4,
      "chests/village/village_snowy_house": 4,
      "chests/village/village_taiga_house": 4,
      "chests/woodland_mansion": 4,
      "chests/abandoned_mineshaft": 4,
      "archaeology/desert_well": 4
    },
    "fragment-loot-tables": {}
  },
  {
    "title": "Steves Lava Chicken",
    "author": "Unknown artist",
    "duration": 35,
    "disc-namespace": "steveslavachickenunknownartistone",
    "model-data": 25,
    "creeper-drop": true,
    "lores": [],
    "loot-tables": {
      "chests/trial_chambers/supply": 3,
      "chests/trial_chambers/intersection_barrel": 3,
      "chests/trial_chambers/intersection": 3,
      "chests/trial_chambers/entrance": 3,
      "chests/trial_chambers/corridor": 3,
      "pots/trial_chambers/corridor": 4,
      "chests/trial_chambers/reward": 4,
      "chests/trial_chambers/reward_ominous": 1,
      "spawners/trial_chamber/consumables": 1,
      "spawners/ominous/trial_chamber/consumables": 1,
      "chests/ancient_city": 3,
      "chests/ancient_city_ice_box": 3,
      "chests/bastion_bridge": 3,
      "chests/bastion_hoglin_treasure": 3,
      "chests/bastion_other": 3,
      "chests/bastion_treasure": 3,
      "chests/desert_pyramid": 4,
      "chests/simple_dungeon": 4,
      "chests/nether_bridge": 4,
      "chests/ruined_portal": 4,
      "chests/pillager_outpost": 4,
      "chests/shipwreck_map": 4,
      "chests/shipwreck_supply": 4,
      "chests/shipwreck_treasure": 4,
      "chests/stronghold_corridor": 4,
      "chests/stronghold_crossing": 4,
      "chests/village/village_plains_house": 4,
      "chests/village/village_savanna_house": 4,
      "chests/village/village_desert_house": 4,
      "chests/village/village_snowy_house": 4,
      "chests/village/village_taiga_house": 4,
      "chests/woodland_mansion": 4,
      "chests/abandoned_mineshaft": 4,
      "archaeology/desert_well": 4
    },
    "fragment-loot-tables": {}
  },
  {
    "title": "Retire",
    "author": "Unknown artist",
    "duration": 216,
    "disc-namespace": "retirefinalalvedononeunknownartistone",
    "model-data": 13,
    "creeper-drop": true,
    "lores": [],
    "loot-tables": {
      "chests/trial_chambers/supply": 3,
      "chests/trial_chambers/intersection_barrel": 3,
      "chests/trial_chambers/intersection": 3,
      "chests/trial_chambers/entrance": 3,
      "chests/trial_chambers/corridor": 3,
      "pots/trial_chambers/corridor": 4,
      "chests/trial_chambers/reward": 4,
      "chests/trial_chambers/reward_ominous": 1,
      "spawners/trial_chamber/consumables": 1,
      "spawners/ominous/trial_chamber/consumables": 1,
      "chests/ancient_city": 3,
      "chests/ancient_city_ice_box": 3,
      "chests/bastion_bridge": 3,
      "chests/bastion_hoglin_treasure": 3,
      "chests/bastion_other": 3,
      "chests/bastion_treasure": 3,
      "chests/desert_pyramid": 4,
      "chests/simple_dungeon": 4,
      "chests/nether_bridge": 4,
      "chests/ruined_portal": 4,
      "chests/pillager_outpost": 4,
      "chests/shipwreck_map": 4,
      "chests/shipwreck_supply": 4,
      "chests/shipwreck_treasure": 4,
      "chests/stronghold_corridor": 4,
      "chests/stronghold_crossing": 4,
      "chests/village/village_plains_house": 4,
      "chests/village/village_savanna_house": 4,
      "chests/village/village_desert_house": 4,
      "chests/village/village_snowy_house": 4,
      "chests/village/village_taiga_house": 4,
      "chests/woodland_mansion": 4,
      "chests/abandoned_mineshaft": 4,
      "archaeology/desert_well": 4
    },
    "fragment-loot-tables": {}
  },
  {
    "title": "Ambien Slide",
    "author": "cigarettesaftersex",
    "duration": 214,
    "disc-namespace": "ambienslidecigarettesaftersexunknownartistoneunknownartistone",
    "model-data": 14,
    "creeper-drop": true,
    "lores": [],
    "loot-tables": {
      "chests/trial_chambers/supply": 3,
      "chests/trial_chambers/intersection_barrel": 3,
      "chests/trial_chambers/intersection": 3,
      "chests/trial_chambers/entrance": 3,
      "chests/trial_chambers/corridor": 3,
      "pots/trial_chambers/corridor": 4,
      "chests/trial_chambers/reward": 4,
      "chests/trial_chambers/reward_ominous": 1,
      "spawners/trial_chamber/consumables": 1,
      "spawners/ominous/trial_chamber/consumables": 1,
      "chests/ancient_city": 3,
      "chests/ancient_city_ice_box": 3,
      "chests/bastion_bridge": 3,
      "chests/bastion_hoglin_treasure": 3,
      "chests/bastion_other": 3,
      "chests/bastion_treasure": 3,
      "chests/desert_pyramid": 4,
      "chests/simple_dungeon": 4,
      "chests/nether_bridge": 4,
      "chests/ruined_portal": 4,
      "chests/pillager_outpost": 4,
      "chests/shipwreck_map": 4,
      "chests/shipwreck_supply": 4,
      "chests/shipwreck_treasure": 4,
      "chests/stronghold_corridor": 4,
      "chests/stronghold_crossing": 4,
      "chests/village/village_plains_house": 4,
      "chests/village/village_savanna_house": 4,
      "chests/village/village_desert_house": 4,
      "chests/village/village_snowy_house": 4,
      "chests/village/village_taiga_house": 4,
      "chests/woodland_mansion": 4,
      "chests/abandoned_mineshaft": 4,
      "archaeology/desert_well": 4
    },
    "fragment-loot-tables": {}
  },
  {
    "title": "Title",
    "author": "Zelda Ocarina of Time",
    "duration": 81,
    "disc-namespace": "titlezeldaocarinaoftimeoneunknownartistone",
    "model-data": 15,
    "creeper-drop": true,
    "lores": [],
    "loot-tables": {
      "chests/trial_chambers/supply": 3,
      "chests/trial_chambers/intersection_barrel": 3,
      "chests/trial_chambers/intersection": 3,
      "chests/trial_chambers/entrance": 3,
      "chests/trial_chambers/corridor": 3,
      "pots/trial_chambers/corridor": 4,
      "chests/trial_chambers/reward": 4,
      "chests/trial_chambers/reward_ominous": 1,
      "spawners/trial_chamber/consumables": 1,
      "spawners/ominous/trial_chamber/consumables": 1,
      "chests/ancient_city": 3,
      "chests/ancient_city_ice_box": 3,
      "chests/bastion_bridge": 3,
      "chests/bastion_hoglin_treasure": 3,
      "chests/bastion_other": 3,
      "chests/bastion_treasure": 3,
      "chests/desert_pyramid": 4,
      "chests/simple_dungeon": 4,
      "chests/nether_bridge": 4,
      "chests/ruined_portal": 4,
      "chests/pillager_outpost": 4,
      "chests/shipwreck_map": 4,
      "chests/shipwreck_supply": 4,
      "chests/shipwreck_treasure": 4,
      "chests/stronghold_corridor": 4,
      "chests/stronghold_crossing": 4,
      "chests/village/village_plains_house": 4,
      "chests/village/village_savanna_house": 4,
      "chests/village/village_desert_house": 4,
      "chests/village/village_snowy_house": 4,
      "chests/village/village_taiga_house": 4,
      "chests/woodland_mansion": 4,
      "chests/abandoned_mineshaft": 4,
      "archaeology/desert_well": 4
    },
    "fragment-loot-tables": {}
  },
  {
    "title": "Overworld",
    "author": "Terraria",
    "duration": 138,
    "disc-namespace": "overworlddayterrariaoneunknownartistone",
    "model-data": 16,
    "creeper-drop": true,
    "lores": [],
    "loot-tables": {
      "chests/trial_chambers/supply": 3,
      "chests/trial_chambers/intersection_barrel": 3,
      "chests/trial_chambers/intersection": 3,
      "chests/trial_chambers/entrance": 3,
      "chests/trial_chambers/corridor": 3,
      "pots/trial_chambers/corridor": 4,
      "chests/trial_chambers/reward": 4,
      "chests/trial_chambers/reward_ominous": 1,
      "spawners/trial_chamber/consumables": 1,
      "spawners/ominous/trial_chamber/consumables": 1,
      "chests/ancient_city": 3,
      "chests/ancient_city_ice_box": 3,
      "chests/bastion_bridge": 3,
      "chests/bastion_hoglin_treasure": 3,
      "chests/bastion_other": 3,
      "chests/bastion_treasure": 3,
      "chests/desert_pyramid": 4,
      "chests/simple_dungeon": 4,
      "chests/nether_bridge": 4,
      "chests/ruined_portal": 4,
      "chests/pillager_outpost": 4,
      "chests/shipwreck_map": 4,
      "chests/shipwreck_supply": 4,
      "chests/shipwreck_treasure": 4,
      "chests/stronghold_corridor": 4,
      "chests/stronghold_crossing": 4,
      "chests/village/village_plains_house": 4,
      "chests/village/village_savanna_house": 4,
      "chests/village/village_desert_house": 4,
      "chests/village/village_snowy_house": 4,
      "chests/village/village_taiga_house": 4,
      "chests/woodland_mansion": 4,
      "chests/abandoned_mineshaft": 4,
      "archaeology/desert_well": 4
    },
    "fragment-loot-tables": {}
  },
  {
    "title": "Boombox",
    "author": "Lethal Company",
    "duration": 203,
    "disc-namespace": "boomboxfivelethalcompanyoneunknownartistone",
    "model-data": 17,
    "creeper-drop": true,
    "lores": [],
    "loot-tables": {
      "chests/trial_chambers/supply": 3,
      "chests/trial_chambers/intersection_barrel": 3,
      "chests/trial_chambers/intersection": 3,
      "chests/trial_chambers/entrance": 3,
      "chests/trial_chambers/corridor": 3,
      "pots/trial_chambers/corridor": 4,
      "chests/trial_chambers/reward": 4,
      "chests/trial_chambers/reward_ominous": 1,
      "spawners/trial_chamber/consumables": 1,
      "spawners/ominous/trial_chamber/consumables": 1,
      "chests/ancient_city": 3,
      "chests/ancient_city_ice_box": 3,
      "chests/bastion_bridge": 3,
      "chests/bastion_hoglin_treasure": 3,
      "chests/bastion_other": 3,
      "chests/bastion_treasure": 3,
      "chests/desert_pyramid": 4,
      "chests/simple_dungeon": 4,
      "chests/nether_bridge": 4,
      "chests/ruined_portal": 4,
      "chests/pillager_outpost": 4,
      "chests/shipwreck_map": 4,
      "chests/shipwreck_supply": 4,
      "chests/shipwreck_treasure": 4,
      "chests/stronghold_corridor": 4,
      "chests/stronghold_crossing": 4,
      "chests/village/village_plains_house": 4,
      "chests/village/village_savanna_house": 4,
      "chests/village/village_desert_house": 4,
      "chests/village/village_snowy_house": 4,
      "chests/village/village_taiga_house": 4,
      "chests/woodland_mansion": 4,
      "chests/abandoned_mineshaft": 4,
      "archaeology/desert_well": 4
    },
    "fragment-loot-tables": {}
  },
  {
    "title": "Silver Sable",
    "author": "cigarettesaftersex",
    "duration": 232,
    "disc-namespace": "silversablecigarettesaftersexunknownartistoneunknownartistone",
    "model-data": 18,
    "creeper-drop": true,
    "lores": [],
    "loot-tables": {
      "chests/trial_chambers/supply": 3,
      "chests/trial_chambers/intersection_barrel": 3,
      "chests/trial_chambers/intersection": 3,
      "chests/trial_chambers/entrance": 3,
      "chests/trial_chambers/corridor": 3,
      "pots/trial_chambers/corridor": 4,
      "chests/trial_chambers/reward": 4,
      "chests/trial_chambers/reward_ominous": 1,
      "spawners/trial_chamber/consumables": 1,
      "spawners/ominous/trial_chamber/consumables": 1,
      "chests/ancient_city": 3,
      "chests/ancient_city_ice_box": 3,
      "chests/bastion_bridge": 3,
      "chests/bastion_hoglin_treasure": 3,
      "chests/bastion_other": 3,
      "chests/bastion_treasure": 3,
      "chests/desert_pyramid": 4,
      "chests/simple_dungeon": 4,
      "chests/nether_bridge": 4,
      "chests/ruined_portal": 4,
      "chests/pillager_outpost": 4,
      "chests/shipwreck_map": 4,
      "chests/shipwreck_supply": 4,
      "chests/shipwreck_treasure": 4,
      "chests/stronghold_corridor": 4,
      "chests/stronghold_crossing": 4,
      "chests/village/village_plains_house": 4,
      "chests/village/village_savanna_house": 4,
      "chests/village/village_desert_house": 4,
      "chests/village/village_snowy_house": 4,
      "chests/village/village_taiga_house": 4,
      "chests/woodland_mansion": 4,
      "chests/abandoned_mineshaft": 4,
      "archaeology/desert_well": 4
    },
    "fragment-loot-tables": {}
  },
  {
    "title": "Gerudo Valley",
    "author": "Zelda Ocarina Of Time",
    "duration": 176,
    "disc-namespace": "gerudovalleyzeldaocarinaoftimeoneunknownartistone",
    "model-data": 19,
    "creeper-drop": true,
    "lores": [],
    "loot-tables": {
      "chests/trial_chambers/supply": 3,
      "chests/trial_chambers/intersection_barrel": 3,
      "chests/trial_chambers/intersection": 3,
      "chests/trial_chambers/entrance": 3,
      "chests/trial_chambers/corridor": 3,
      "pots/trial_chambers/corridor": 4,
      "chests/trial_chambers/reward": 4,
      "chests/trial_chambers/reward_ominous": 1,
      "spawners/trial_chamber/consumables": 1,
      "spawners/ominous/trial_chamber/consumables": 1,
      "chests/ancient_city": 3,
      "chests/ancient_city_ice_box": 3,
      "chests/bastion_bridge": 3,
      "chests/bastion_hoglin_treasure": 3,
      "chests/bastion_other": 3,
      "chests/bastion_treasure": 3,
      "chests/desert_pyramid": 4,
      "chests/simple_dungeon": 4,
      "chests/nether_bridge": 4,
      "chests/ruined_portal": 4,
      "chests/pillager_outpost": 4,
      "chests/shipwreck_map": 4,
      "chests/shipwreck_supply": 4,
      "chests/shipwreck_treasure": 4,
      "chests/stronghold_corridor": 4,
      "chests/stronghold_crossing": 4,
      "chests/village/village_plains_house": 4,
      "chests/village/village_savanna_house": 4,
      "chests/village/village_desert_house": 4,
      "chests/village/village_snowy_house": 4,
      "chests/village/village_taiga_house": 4,
      "chests/woodland_mansion": 4,
      "chests/abandoned_mineshaft": 4,
      "archaeology/desert_well": 4
    },
    "fragment-loot-tables": {}
  },
  {
    "title": "Dance of the Moon Light Jellies",
    "author": "Stardewvalley",
    "duration": 114,
    "disc-namespace": "stardewvalleyostdanceofthemoonlightjelliesoneunknownartistone",
    "model-data": 20,
    "creeper-drop": true,
    "lores": [],
    "loot-tables": {
      "chests/trial_chambers/supply": 3,
      "chests/trial_chambers/intersection_barrel": 3,
      "chests/trial_chambers/intersection": 3,
      "chests/trial_chambers/entrance": 3,
      "chests/trial_chambers/corridor": 3,
      "pots/trial_chambers/corridor": 4,
      "chests/trial_chambers/reward": 4,
      "chests/trial_chambers/reward_ominous": 1,
      "spawners/trial_chamber/consumables": 1,
      "spawners/ominous/trial_chamber/consumables": 1,
      "chests/ancient_city": 3,
      "chests/ancient_city_ice_box": 3,
      "chests/bastion_bridge": 3,
      "chests/bastion_hoglin_treasure": 3,
      "chests/bastion_other": 3,
      "chests/bastion_treasure": 3,
      "chests/desert_pyramid": 4,
      "chests/simple_dungeon": 4,
      "chests/nether_bridge": 4,
      "chests/ruined_portal": 4,
      "chests/pillager_outpost": 4,
      "chests/shipwreck_map": 4,
      "chests/shipwreck_supply": 4,
      "chests/shipwreck_treasure": 4,
      "chests/stronghold_corridor": 4,
      "chests/stronghold_crossing": 4,
      "chests/village/village_plains_house": 4,
      "chests/village/village_savanna_house": 4,
      "chests/village/village_desert_house": 4,
      "chests/village/village_snowy_house": 4,
      "chests/village/village_taiga_house": 4,
      "chests/woodland_mansion": 4,
      "chests/abandoned_mineshaft": 4,
      "archaeology/desert_well": 4
    },
    "fragment-loot-tables": {}
  },
  {
    "title": "Young Dumb",
    "author": "cigarettesaftersex",
    "duration": 274,
    "disc-namespace": "youngdumbcigarettesaftersexunknownartistoneunknownartistone",
    "model-data": 1,
    "creeper-drop": true,
    "lores": [],
    "loot-tables": {
      "chests/trial_chambers/supply": 3,
      "chests/trial_chambers/intersection_barrel": 3,
      "chests/trial_chambers/intersection": 3,
      "chests/trial_chambers/entrance": 3,
      "chests/trial_chambers/corridor": 3,
      "pots/trial_chambers/corridor": 4,
      "chests/trial_chambers/reward": 4,
      "chests/trial_chambers/reward_ominous": 1,
      "spawners/trial_chamber/consumables": 1,
      "spawners/ominous/trial_chamber/consumables": 1,
      "chests/ancient_city": 3,
      "chests/ancient_city_ice_box": 3,
      "chests/bastion_bridge": 3,
      "chests/bastion_hoglin_treasure": 3,
      "chests/bastion_other": 3,
      "chests/bastion_treasure": 3,
      "chests/desert_pyramid": 4,
      "chests/simple_dungeon": 4,
      "chests/nether_bridge": 4,
      "chests/ruined_portal": 4,
      "chests/pillager_outpost": 4,
      "chests/shipwreck_map": 4,
      "chests/shipwreck_supply": 4,
      "chests/shipwreck_treasure": 4,
      "chests/stronghold_corridor": 4,
      "chests/stronghold_crossing": 4,
      "chests/village/village_plains_house": 4,
      "chests/village/village_savanna_house": 4,
      "chests/village/village_desert_house": 4,
      "chests/village/village_snowy_house": 4,
      "chests/village/village_taiga_house": 4,
      "chests/woodland_mansion": 4,
      "chests/abandoned_mineshaft": 4,
      "archaeology/desert_well": 4
    },
    "fragment-loot-tables": {}
  },
  {
    "title": "Lonely",
    "author": "akon",
    "duration": 237,
    "disc-namespace": "akonlonelyunknownartistoneunknownartistone",
    "model-data": 2,
    "creeper-drop": true,
    "lores": [],
    "loot-tables": {
      "chests/trial_chambers/supply": 3,
      "chests/trial_chambers/intersection_barrel": 3,
      "chests/trial_chambers/intersection": 3,
      "chests/trial_chambers/entrance": 3,
      "chests/trial_chambers/corridor": 3,
      "pots/trial_chambers/corridor": 4,
      "chests/trial_chambers/reward": 4,
      "chests/trial_chambers/reward_ominous": 1,
      "spawners/trial_chamber/consumables": 1,
      "spawners/ominous/trial_chamber/consumables": 1,
      "chests/ancient_city": 3,
      "chests/ancient_city_ice_box": 3,
      "chests/bastion_bridge": 3,
      "chests/bastion_hoglin_treasure": 3,
      "chests/bastion_other": 3,
      "chests/bastion_treasure": 3,
      "chests/desert_pyramid": 4,
      "chests/simple_dungeon": 4,
      "chests/nether_bridge": 4,
      "chests/ruined_portal": 4,
      "chests/pillager_outpost": 4,
      "chests/shipwreck_map": 4,
      "chests/shipwreck_supply": 4,
      "chests/shipwreck_treasure": 4,
      "chests/stronghold_corridor": 4,
      "chests/stronghold_crossing": 4,
      "chests/village/village_plains_house": 4,
      "chests/village/village_savanna_house": 4,
      "chests/village/village_desert_house": 4,
      "chests/village/village_snowy_house": 4,
      "chests/village/village_taiga_house": 4,
      "chests/woodland_mansion": 4,
      "chests/abandoned_mineshaft": 4,
      "archaeology/desert_well": 4
    },
    "fragment-loot-tables": {}
  },
  {
    "title": "Motion Picture Soundtrack",
    "author": "CigarettesAftersex",
    "duration": 301,
    "disc-namespace": "motionpicturesoundtrackcigarettesaftersexoneunknownartistone",
    "model-data": 3,
    "creeper-drop": true,
    "lores": [],
    "loot-tables": {
      "chests/trial_chambers/supply": 3,
      "chests/trial_chambers/intersection_barrel": 3,
      "chests/trial_chambers/intersection": 3,
      "chests/trial_chambers/entrance": 3,
      "chests/trial_chambers/corridor": 3,
      "pots/trial_chambers/corridor": 4,
      "chests/trial_chambers/reward": 4,
      "chests/trial_chambers/reward_ominous": 1,
      "spawners/trial_chamber/consumables": 1,
      "spawners/ominous/trial_chamber/consumables": 1,
      "chests/ancient_city": 3,
      "chests/ancient_city_ice_box": 3,
      "chests/bastion_bridge": 3,
      "chests/bastion_hoglin_treasure": 3,
      "chests/bastion_other": 3,
      "chests/bastion_treasure": 3,
      "chests/desert_pyramid": 4,
      "chests/simple_dungeon": 4,
      "chests/nether_bridge": 4,
      "chests/ruined_portal": 4,
      "chests/pillager_outpost": 4,
      "chests/shipwreck_map": 4,
      "chests/shipwreck_supply": 4,
      "chests/shipwreck_treasure": 4,
      "chests/stronghold_corridor": 4,
      "chests/stronghold_crossing": 4,
      "chests/village/village_plains_house": 4,
      "chests/village/village_savanna_house": 4,
      "chests/village/village_desert_house": 4,
      "chests/village/village_snowy_house": 4,
      "chests/village/village_taiga_house": 4,
      "chests/woodland_mansion": 4,
      "chests/abandoned_mineshaft": 4,
      "archaeology/desert_well": 4
    },
    "fragment-loot-tables": {}
  },
  {
    "title": "Sesame Syrup",
    "author": "",
    "duration": 304,
    "disc-namespace": "sesamesyrupcigarettesaftersexoneunknownartistone",
    "model-data": 4,
    "creeper-drop": true,
    "lores": [
      "<div><br></div>"
    ],
    "loot-tables": {
      "chests/trial_chambers/supply": 3,
      "chests/trial_chambers/intersection_barrel": 3,
      "chests/trial_chambers/intersection": 3,
      "chests/trial_chambers/entrance": 3,
      "chests/trial_chambers/corridor": 3,
      "pots/trial_chambers/corridor": 4,
      "chests/trial_chambers/reward": 4,
      "chests/trial_chambers/reward_ominous": 1,
      "spawners/trial_chamber/consumables": 1,
      "spawners/ominous/trial_chamber/consumables": 1,
      "chests/ancient_city": 3,
      "chests/ancient_city_ice_box": 3,
      "chests/bastion_bridge": 3,
      "chests/bastion_hoglin_treasure": 3,
      "chests/bastion_other": 3,
      "chests/bastion_treasure": 3,
      "chests/desert_pyramid": 4,
      "chests/simple_dungeon": 4,
      "chests/nether_bridge": 4,
      "chests/ruined_portal": 4,
      "chests/pillager_outpost": 4,
      "chests/shipwreck_map": 4,
      "chests/shipwreck_supply": 4,
      "chests/shipwreck_treasure": 4,
      "chests/stronghold_corridor": 4,
      "chests/stronghold_crossing": 4,
      "chests/village/village_plains_house": 4,
      "chests/village/village_savanna_house": 4,
      "chests/village/village_desert_house": 4,
      "chests/village/village_snowy_house": 4,
      "chests/village/village_taiga_house": 4,
      "chests/woodland_mansion": 4,
      "chests/abandoned_mineshaft": 4,
      "archaeology/desert_well": 4
    },
    "fragment-loot-tables": {}
  },
  {
    "title": "Craft My Dream",
    "author": "Pookie AI",
    "duration": 160,
    "disc-namespace": "craftmydreamunknownartistoneunknownartistone",
    "model-data": 5,
    "creeper-drop": true,
    "lores": [],
    "loot-tables": {
      "chests/trial_chambers/supply": 3,
      "chests/trial_chambers/intersection_barrel": 3,
      "chests/trial_chambers/intersection": 3,
      "chests/trial_chambers/entrance": 3,
      "chests/trial_chambers/corridor": 3,
      "pots/trial_chambers/corridor": 4,
      "chests/trial_chambers/reward": 4,
      "chests/trial_chambers/reward_ominous": 1,
      "spawners/trial_chamber/consumables": 1,
      "spawners/ominous/trial_chamber/consumables": 1,
      "chests/ancient_city": 3,
      "chests/ancient_city_ice_box": 3,
      "chests/bastion_bridge": 3,
      "chests/bastion_hoglin_treasure": 3,
      "chests/bastion_other": 3,
      "chests/bastion_treasure": 3,
      "chests/desert_pyramid": 4,
      "chests/simple_dungeon": 4,
      "chests/nether_bridge": 4,
      "chests/ruined_portal": 4,
      "chests/pillager_outpost": 4,
      "chests/shipwreck_map": 4,
      "chests/shipwreck_supply": 4,
      "chests/shipwreck_treasure": 4,
      "chests/stronghold_corridor": 4,
      "chests/stronghold_crossing": 4,
      "chests/village/village_plains_house": 4,
      "chests/village/village_savanna_house": 4,
      "chests/village/village_desert_house": 4,
      "chests/village/village_snowy_house": 4,
      "chests/village/village_taiga_house": 4,
      "chests/woodland_mansion": 4,
      "chests/abandoned_mineshaft": 4,
      "archaeology/desert_well": 4
    },
    "fragment-loot-tables": {}
  },
  {
    "title": "Pistol",
    "author": "cigarettesaftersex",
    "duration": 235,
    "disc-namespace": "pistolcigarettesaftersexoneunknownartistone",
    "model-data": 6,
    "creeper-drop": true,
    "lores": [],
    "loot-tables": {
      "chests/trial_chambers/supply": 3,
      "chests/trial_chambers/intersection_barrel": 3,
      "chests/trial_chambers/intersection": 3,
      "chests/trial_chambers/entrance": 3,
      "chests/trial_chambers/corridor": 3,
      "pots/trial_chambers/corridor": 4,
      "chests/trial_chambers/reward": 4,
      "chests/trial_chambers/reward_ominous": 1,
      "spawners/trial_chamber/consumables": 1,
      "spawners/ominous/trial_chamber/consumables": 1,
      "chests/ancient_city": 3,
      "chests/ancient_city_ice_box": 3,
      "chests/bastion_bridge": 3,
      "chests/bastion_hoglin_treasure": 3,
      "chests/bastion_other": 3,
      "chests/bastion_treasure": 3,
      "chests/desert_pyramid": 4,
      "chests/simple_dungeon": 4,
      "chests/nether_bridge": 4,
      "chests/ruined_portal": 4,
      "chests/pillager_outpost": 4,
      "chests/shipwreck_map": 4,
      "chests/shipwreck_supply": 4,
      "chests/shipwreck_treasure": 4,
      "chests/stronghold_corridor": 4,
      "chests/stronghold_crossing": 4,
      "chests/village/village_plains_house": 4,
      "chests/village/village_savanna_house": 4,
      "chests/village/village_desert_house": 4,
      "chests/village/village_snowy_house": 4,
      "chests/village/village_taiga_house": 4,
      "chests/woodland_mansion": 4,
      "chests/abandoned_mineshaft": 4,
      "archaeology/desert_well": 4
    },
    "fragment-loot-tables": {}
  },
  {
    "title": "Moonlit",
    "author": "Alectriciti",
    "duration": 162,
    "disc-namespace": "moonlitalectricitioneunknownartistone",
    "model-data": 7,
    "creeper-drop": true,
    "lores": [],
    "loot-tables": {
      "chests/trial_chambers/supply": 3,
      "chests/trial_chambers/intersection_barrel": 3,
      "chests/trial_chambers/intersection": 3,
      "chests/trial_chambers/entrance": 3,
      "chests/trial_chambers/corridor": 3,
      "pots/trial_chambers/corridor": 4,
      "chests/trial_chambers/reward": 4,
      "chests/trial_chambers/reward_ominous": 1,
      "spawners/trial_chamber/consumables": 1,
      "spawners/ominous/trial_chamber/consumables": 1,
      "chests/ancient_city": 3,
      "chests/ancient_city_ice_box": 3,
      "chests/bastion_bridge": 3,
      "chests/bastion_hoglin_treasure": 3,
      "chests/bastion_other": 3,
      "chests/bastion_treasure": 3,
      "chests/desert_pyramid": 4,
      "chests/simple_dungeon": 4,
      "chests/nether_bridge": 4,
      "chests/ruined_portal": 4,
      "chests/pillager_outpost": 4,
      "chests/shipwreck_map": 4,
      "chests/shipwreck_supply": 4,
      "chests/shipwreck_treasure": 4,
      "chests/stronghold_corridor": 4,
      "chests/stronghold_crossing": 4,
      "chests/village/village_plains_house": 4,
      "chests/village/village_savanna_house": 4,
      "chests/village/village_desert_house": 4,
      "chests/village/village_snowy_house": 4,
      "chests/village/village_taiga_house": 4,
      "chests/woodland_mansion": 4,
      "chests/abandoned_mineshaft": 4,
      "archaeology/desert_well": 4
    },
    "fragment-loot-tables": {}
  },
  {
    "title": "As The World Caves In",
    "author": "",
    "duration": 215,
    "disc-namespace": "astheworldcavesinone",
    "model-data": 8,
    "creeper-drop": true,
    "lores": [],
    "loot-tables": {},
    "fragment-loot-tables": {}
  },
  {
    "title": "The Caretaker  Libets Delay",
    "author": "",
    "duration": 209,
    "disc-namespace": "thecaretakerlibetsdelayone",
    "model-data": 9,
    "creeper-drop": true,
    "lores": [],
    "loot-tables": {
      "chests/simple_dungeon": 4,
      "chests/shipwreck_map": 4,
      "chests/shipwreck_supply": 4,
      "chests/shipwreck_treasure": 4,
      "chests/stronghold_corridor": 4,
      "chests/stronghold_crossing": 4,
      "chests/village/village_plains_house": 4,
      "chests/village/village_savanna_house": 4,
      "chests/village/village_desert_house": 4,
      "chests/village/village_snowy_house": 4,
      "chests/village/village_taiga_house": 4,
      "chests/abandoned_mineshaft": 4
    },
    "fragment-loot-tables": {}
  },
  {
    "title": "zoras domain",
    "author": "",
    "duration": 263,
    "disc-namespace": "zorasdomainone",
    "model-data": 10,
    "creeper-drop": true,
    "lores": [],
    "loot-tables": {},
    "fragment-loot-tables": {}
  },
  {
    "title": "Great Fairy Fountain",
    "author": "",
    "duration": 91,
    "disc-namespace": "greatfairyfountainone",
    "model-data": 11,
    "creeper-drop": true,
    "lores": [],
    "loot-tables": {
      "chests/simple_dungeon": 4,
      "chests/shipwreck_map": 4,
      "chests/shipwreck_supply": 4,
      "chests/shipwreck_treasure": 4,
      "chests/stronghold_corridor": 4,
      "chests/stronghold_crossing": 4,
      "chests/village/village_plains_house": 4,
      "chests/village/village_savanna_house": 4,
      "chests/village/village_desert_house": 4,
      "chests/village/village_snowy_house": 4,
      "chests/village/village_taiga_house": 4,
      "chests/abandoned_mineshaft": 4
    },
    "fragment-loot-tables": {}
  },
  {
    "title": "Ratatouille",
    "author": "",
    "duration": 130,
    "disc-namespace": "ratatouilleone",
    "model-data": 12,
    "creeper-drop": true,
    "lores": [],
    "loot-tables": {
      "chests/jungle_temple": 4,
      "chests/shipwreck_map": 4,
      "chests/shipwreck_supply": 4,
      "chests/shipwreck_treasure": 4,
      "chests/stronghold_corridor": 4,
      "chests/stronghold_crossing": 4,
      "chests/village/village_plains_house": 4,
      "chests/village/village_savanna_house": 4,
      "chests/village/village_desert_house": 4,
      "chests/village/village_snowy_house": 4,
      "chests/village/village_taiga_house": 4,
      "chests/abandoned_mineshaft": 4
    },
    "fragment-loot-tables": {}
  },
  {
    "title": "AMUSE",
    "author": "Alectriciti",
    "duration": 325,
    "disc-namespace": "amusealectricitione",
    "model-data": 21,
    "creeper-drop": false,
    "lores": [],
    "loot-tables": {},
    "fragment-loot-tables": {}
  },
  {
    "title": "MEMETO",
    "author": "Alectriciti",
    "duration": 238,
    "disc-namespace": "memetoalectricitione",
    "model-data": 22,
    "creeper-drop": false,
    "lores": [],
    "loot-tables": {},
    "fragment-loot-tables": {}
  },
  {
    "title": "PLAY",
    "author": "Alectriciti",
    "duration": 153,
    "disc-namespace": "playalectricitione",
    "model-data": 23,
    "creeper-drop": false,
    "lores": [],
    "loot-tables": {},
    "fragment-loot-tables": {}
  },
  {
    "title": "SHENANIGANS",
    "author": "Alectriciti",
    "duration": 163,
    "disc-namespace": "shenanigansalectricitione",
    "model-data": 26,
    "creeper-drop": false,
    "lores": [],
    "loot-tables": {},
    "fragment-loot-tables": {}
  },
  {
    "title": "Concerning Hobbits",
    "author": "Howard Shore",
    "duration": 151,
    "disc-namespace": "concerninghobbitshowardshoreone",
    "model-data": 27,
    "creeper-drop": true,
    "lores": [],
    "loot-tables": {
      "chests/jungle_temple": 3,
      "chests/shipwreck_map": 2,
      "chests/shipwreck_supply": 2,
      "chests/shipwreck_treasure": 2,
      "chests/stronghold_corridor": 5,
      "chests/stronghold_crossing": 5,
      "chests/village/village_plains_house": 3,
      "chests/village/village_savanna_house": 3,
      "chests/village/village_desert_house": 3,
      "chests/village/village_snowy_house": 3,
      "chests/village/village_taiga_house": 3,
      "chests/abandoned_mineshaft": 2
    },
    "fragment-loot-tables": {}
  },
  {
    "title": "Ultimately",
    "author": "Khai Dreams",
    "duration": 143,
    "disc-namespace": "ultimatelykhaidreamsone",
    "model-data": 30,
    "creeper-drop": true,
    "lores": [],
    "loot-tables": {},
    "fragment-loot-tables": {}
  }
]