{
	"parent": "item/handheld",
	"display": {
        "ground": {
            "rotation": [ 35, 0, 0 ],
            "translation": [ 0, 3, 0],
            "scale":[ 1.5, 1.5, 1.5 ]
        },
        "thirdperson_righthand": {
            "rotation": [ 270, 90, 0 ],
            "translation": [ 0, 7, 12 ],
            "scale": [ 2, 2, 2 ]
        },
        "thirdperson_lefthand": {
            "rotation": [ 270, 90, -100 ],
            "translation": [ 0, 7, 10 ],
            "scale": [ 2, 2, 2 ]
        },
        "firstperson_righthand": {
            "rotation": [ 50, 90, 190 ],
            "translation": [ 5, 3.5, 0 ],
            "scale": [ 1.5, 1.5, 1.5 ]
        },
        "firstperson_lefthand": {
            "rotation": [ 0, -90, -45 ],
            "translation": [ 0, 1.6, 0.75 ],
            "scale": [ 1.5, 1.5, 1.5 ]
        }
    },
	"textures": {
		"layer0": "item/alectric/alethions_scythe"
	}
}