{
    "parent": "item/bow",
    "textures": {
        "layer0": "items/alectric/crossbow_standby"
    },
    "display": {
        "ground": {
            "rotation": [ 0, 0, 0 ],
            "translation": [ 0, 2, 0],
            "scale":[ 0.65, 0.65, 0.65 ]
        },
        "thirdperson_righthand": {
            "rotation": [ 95, 180, 155 ],
            "translation": [ -0.5, 1.1, 1 ],
            "scale": [ 1.2, 1.2, 1.2 ]
        },
        "thirdperson_lefthand": {
            "rotation": [ 95, -180, -115 ],
            "translation": [ -0.5, 1.1, 1 ],
            "scale": [ 1.2, 1.2, 1.2 ]
        },
        "firstperson_righthand": {
            "rotation": [ 90, 10, 128 ],
            "translation": [ -4.13, 2.2, 1.13],
            "scale": [ 0.68, 0.68, 0.68 ]
        },
        "firstperson_lefthand": {
            "rotation": [ 90, 10, -128 ],
            "translation": [ -4.13, 2.2, 1.13],
            "scale": [ 0.68, 0.68, 0.68 ]
        }
    }
}
