{
    "parent": "item/alectric/crossbow",
    "display": {
        "thirdperson_righthand": {
            "rotation": [ 100, 180, 135 ],
            "translation": [ -0.5, -1.1, 1 ],
            "scale": [ 1.3, 1.3, 1.3 ]
        },
        "thirdperson_lefthand": {
            "rotation": [ -70, 180, 45 ],
            "translation": [ -0.5, -1.1, 1 ],
            "scale": [ 1.3, 1.3, 1.3 ]
        },
        "firstperson_righthand": {
            "rotation": [ 115, 10, 128 ],
            "translation": [ -4.53, 0.5, 0.73],
            "scale": [ 0.68, 0.68, 0.68 ]
        },
        "firstperson_lefthand": {
            "rotation": [ 115, 6, -142 ],
            "translation": [ -4.53, 0.5, 0.73],
            "scale": [ 0.68, 0.68, 0.68 ]
        }
    }
}
