{
	"parent": "item/handheld",
    "display": {
        "ground": {
            "rotation": [ 35, 0, 0 ],
            "translation": [ 0, 3, 0],
            "scale":[ 0.95, 0.95, 0.95 ]
        },
        "thirdperson_righthand": {
            "rotation": [ 0, 90, -33 ],
            "translation": [ 0, 3, 1 ],
            "scale": [ 1, 1, 1 ]
        },
        "thirdperson_lefthand": {
            "rotation": [ 0, 90, 33 ],
            "translation": [ 0, 3, 0 ],
            "scale": [ 1, 1, 1 ]
        },
        "firstperson_righthand": {
            "rotation": [ 0, 90, -45 ],
            "translation": [ 0.75, 1.6, 0 ],
            "scale": [ 0.9, 0.9, 0.9 ]
        },
        "firstperson_lefthand": {
            "rotation": [ 0, -90, 90 ],
            "translation": [ 0, 1.6, 0.75 ],
            "scale": [ 0.9, 0.9, 0.9 ]
        }
    }
}