{
	"parent": "item/handheld",
	"textures": {
		"layer0": "item/alectric/paint/paintbrush"
	},
	"display": {
        "thirdperson_righthand": {
            "rotation": [ 0, -90, 45 ],
            "translation": [ 0, 3.0, 3 ],
            "scale": [ 0.85, 0.85, 0.85 ]
        },
        "thirdperson_lefthand": {
            "rotation": [ 0, 90, -45 ],
            "translation": [ 0, 3.0, 3 ],
            "scale": [ 0.85, 0.85, 0.85 ]
        },
        "firstperson_righthand": {
            "rotation": [ 0, -90, 95 ],
            "translation": [ 1.13, 3.2, 1.13 ],
            "scale": [ 0.68, 0.68, 0.68 ]
        },
        "firstperson_lefthand": {
            "rotation": [ 0, 90, -95 ],
            "translation": [ 1.13, 3.2, 1.13 ],
            "scale": [ 0.68, 0.68, 0.68 ]
        }
    }
}