{
	"parent": "item/handheld",
	"textures": {
		"layer0": "item/alectric/squirtgun"
	},
    "display": {
        "ground": {
            "rotation": [ 0, 0, 0 ],
            "translation": [ 0, 0, 0],
            "scale":[ 1, 1, 1 ]
        },
        "thirdperson_righthand": {
            "rotation": [ 0, 90, 0 ],
            "translation": [ 0, 3, 3 ],
            "scale": [ 1, 1, 1 ]
        },
        "thirdperson_lefthand": {
            "rotation": [ 0, 90, 0 ],
            "translation": [ 0, 3, -3 ],
            "scale": [ 1, 1, 1 ]
        },
        "firstperson_righthand": {
            "rotation": [ 0, 90, -45 ],
            "translation": [ 0.75, 1.6, 0 ],
            "scale": [ 1, 1, 1]
        },
        "firstperson_lefthand": {
            "rotation": [ 0, -90, 90 ],
            "translation": [ 0, 1.6, 0.75 ],
            "scale": [ 1, 1, 1 ]
        }
    }
}