{
  "model": {
    "type": "select",
    "property": "custom_model_data",
    "fallback": {
      "type": "model",
      "model": "item/diamond_hoe"
    },
    "cases": [
      {
        "when": "staff_of_ice",
        "model": {
          "type": "model",
          "model": "item/alectric/staff_of_ice"
        }
      },
	  {
        "when": "alethions_scythe",
        "model": {
          "type": "model",
          "model": "item/alectric/alethions_scythe"
        }
      }
    ]
  }
}