{
  "model": {
    "type": "range_dispatch",
    "property": "custom_model_data",
    "fallback": {
      "type": "model",
      "model": "item/disc_fragment_5"
    },
    "entries": [
      {
        "threshold": 28,
        "model": {
          "type": "model",
          "model": "item/fragment_moonducktalesoneunknownartistone"
        }
      },
      {
        "threshold": 29,
        "model": {
          "type": "model",
          "model": "item/fragment_panjabimcmundiantobachkebewareoftheboysofficialvideounknownartistoneunknownartistone"
        }
      },
      {
        "threshold": 24,
        "model": {
          "type": "model",
          "model": "item/fragment_overworldsupermariobrostwooneunknownartistone"
        }
      },
      {
        "threshold": 25,
        "model": {
          "type": "model",
          "model": "item/fragment_steveslavachickenunknownartistone"
        }
      },
      {
        "threshold": 13,
        "model": {
          "type": "model",
          "model": "item/fragment_retirefinalalvedononeunknownartistone"
        }
      },
      {
        "threshold": 14,
        "model": {
          "type": "model",
          "model": "item/fragment_ambienslidecigarettesaftersexunknownartistoneunknownartistone"
        }
      },
      {
        "threshold": 15,
        "model": {
          "type": "model",
          "model": "item/fragment_titlezeldaocarinaoftimeoneunknownartistone"
        }
      },
      {
        "threshold": 16,
        "model": {
          "type": "model",
          "model": "item/fragment_overworlddayterrariaoneunknownartistone"
        }
      },
      {
        "threshold": 17,
        "model": {
          "type": "model",
          "model": "item/fragment_boomboxfivelethalcompanyoneunknownartistone"
        }
      },
      {
        "threshold": 18,
        "model": {
          "type": "model",
          "model": "item/fragment_silversablecigarettesaftersexunknownartistoneunknownartistone"
        }
      },
      {
        "threshold": 19,
        "model": {
          "type": "model",
          "model": "item/fragment_gerudovalleyzeldaocarinaoftimeoneunknownartistone"
        }
      },
      {
        "threshold": 20,
        "model": {
          "type": "model",
          "model": "item/fragment_stardewvalleyostdanceofthemoonlightjelliesoneunknownartistone"
        }
      },
      {
        "threshold": 1,
        "model": {
          "type": "model",
          "model": "item/fragment_youngdumbcigarettesaftersexunknownartistoneunknownartistone"
        }
      },
      {
        "threshold": 2,
        "model": {
          "type": "model",
          "model": "item/fragment_akonlonelyunknownartistoneunknownartistone"
        }
      },
      {
        "threshold": 3,
        "model": {
          "type": "model",
          "model": "item/fragment_motionpicturesoundtrackcigarettesaftersexoneunknownartistone"
        }
      },
      {
        "threshold": 4,
        "model": {
          "type": "model",
          "model": "item/fragment_sesamesyrupcigarettesaftersexoneunknownartistone"
        }
      },
      {
        "threshold": 5,
        "model": {
          "type": "model",
          "model": "item/fragment_craftmydreamunknownartistoneunknownartistone"
        }
      },
      {
        "threshold": 6,
        "model": {
          "type": "model",
          "model": "item/fragment_pistolcigarettesaftersexoneunknownartistone"
        }
      },
      {
        "threshold": 7,
        "model": {
          "type": "model",
          "model": "item/fragment_moonlitalectricitioneunknownartistone"
        }
      },
      {
        "threshold": 8,
        "model": {
          "type": "model",
          "model": "item/fragment_astheworldcavesinone"
        }
      },
      {
        "threshold": 9,
        "model": {
          "type": "model",
          "model": "item/fragment_thecaretakerlibetsdelayone"
        }
      },
      {
        "threshold": 10,
        "model": {
          "type": "model",
          "model": "item/fragment_zorasdomainone"
        }
      },
      {
        "threshold": 11,
        "model": {
          "type": "model",
          "model": "item/fragment_greatfairyfountainone"
        }
      },
      {
        "threshold": 12,
        "model": {
          "type": "model",
          "model": "item/fragment_ratatouilleone"
        }
      },
      {
        "threshold": 21,
        "model": {
          "type": "model",
          "model": "item/fragment_amusealectricitione"
        }
      },
      {
        "threshold": 22,
        "model": {
          "type": "model",
          "model": "item/fragment_memetoalectricitione"
        }
      },
      {
        "threshold": 23,
        "model": {
          "type": "model",
          "model": "item/fragment_playalectricitione"
        }
      },
      {
        "threshold": 26,
        "model": {
          "type": "model",
          "model": "item/fragment_shenanigansalectricitione"
        }
      },
      {
        "threshold": 27,
        "model": {
          "type": "model",
          "model": "item/fragment_concerninghobbitshowardshoreone"
        }
      },
      {
        "threshold": 30,
        "model": {
          "type": "model",
          "model": "item/fragment_ultimatelykhaidreamsone"
        }
      }
    ]
  }
}