{
  "model": {
    "type": "select",
    "property": "custom_model_data",
    "fallback": {
      "type": "model",
      "model": "item/feather"
    },
    "cases": [
      {
        "when": "red_dye",
        "model": {
          "type": "model",
          "model": "item/alectric/paintbrush_red",
		  "hand_animation_on_swap": "false"
        }
      },
      {
        "when": "orange_dye",
        "model": {
          "type": "model",
          "model": "item/alectric/paintbrush_orange",
		  "hand_animation_on_swap": "false"
        }
      },
      {
        "when": "yellow_dye",
        "model": {
          "type": "model",
          "model": "item/alectric/paintbrush_yellow",
		  "hand_animation_on_swap": "false"
        }
      },
      {
        "when": "lime_dye",
        "model": {
          "type": "model",
          "model": "item/alectric/paintbrush_lime",
		  "hand_animation_on_swap": "false"
        }
      },
      {
        "when": "green_dye",
        "model": {
          "type": "model",
          "model": "item/alectric/paintbrush_green",
		  "hand_animation_on_swap": "false"
        }
      },
      {
        "when": "cyan_dye",
        "model": {
          "type": "model",
          "model": "item/alectric/paintbrush_cyan",
		  "hand_animation_on_swap": "false"
        }
      },
      {
        "when": "light_blue_dye",
        "model": {
          "type": "model",
          "model": "item/alectric/paintbrush_light_blue",
		  "hand_animation_on_swap": "false"
        }
      },
      {
        "when": "blue_dye",
        "model": {
          "type": "model",
          "model": "item/alectric/paintbrush_blue",
		  "hand_animation_on_swap": "false"
        }
      },
      {
        "when": "purple_dye",
        "model": {
          "type": "model",
          "model": "item/alectric/paintbrush_purple",
		  "hand_animation_on_swap": "false"
        }
      },
      {
        "when": "magenta_dye",
        "model": {
          "type": "model",
          "model": "item/alectric/paintbrush_magenta",
		  "hand_animation_on_swap": "false"
        }
      },
      {
        "when": "pink_dye",
        "model": {
          "type": "model",
          "model": "item/alectric/paintbrush_pink",
		  "hand_animation_on_swap": "false"
        }
      },
      {
        "when": "brown_dye",
        "model": {
          "type": "model",
          "model": "item/alectric/paintbrush_brown",
		  "hand_animation_on_swap": "false"
        }
      },
      {
        "when": "white_dye",
        "model": {
          "type": "model",
          "model": "item/alectric/paintbrush",
		  "hand_animation_on_swap": "false"
        }
      },
      {
        "when": "gray_dye",
        "model": {
          "type": "model",
          "model": "item/alectric/paintbrush_gray",
		  "hand_animation_on_swap": "false"
        }
      },
      {
        "when": "light_gray_dye",
        "model": {
          "type": "model",
          "model": "item/alectric/paintbrush_light_gray",
		  "hand_animation_on_swap": "false"
        }
      },
      {
        "when": "black_dye",
        "model": {
          "type": "model",
          "model": "item/alectric/paintbrush_black",
		  "hand_animation_on_swap": "false"
        }
      },
      {
        "when": "paintbrush",
        "model": {
          "type": "model",
          "model": "item/alectric/paintbrush",
		  "hand_animation_on_swap": "false"
        }
      }
    ]
  }
}