{
  "model": {
    "type": "select",
    "property": "custom_model_data",
    "fallback": {
      "type": "minecraft:condition",
      "property": "minecraft:fishing_rod/cast",
      "on_true": {
        "type": "model",
        "model": "minecraft:item/fishing_rod_cast"
      },
      "on_false": {
        "type": "model",
        "model": "minecraft:item/fishing_rod"
      }
    },
    "cases": [
      {
        "when": "magic_fishing_rod",
        "model": {
          "type": "minecraft:condition",
          "property": "minecraft:fishing_rod/cast",
          "on_true": {
            "type": "model",
            "model": "item/alectric/magic_fishing_rod_cast"
          },
          "on_false": {
            "type": "model",
            "model": "item/alectric/magic_fishing_rod"
          }
        }
      }
    ]
  }
}
