{
  "model": {
    "type": "select",
    "property": "custom_model_data",
    "fallback": {
      "type": "model",
      "model": "item/golden_hoe"
    },
    "cases": [
      {
        "when": "staff_of_fire",
        "model": {
          "type": "model",
          "model": "item/alectric/staff_of_fire"
        }
      },
	  {
        "when": "staff_of_undead",
        "model": {
          "type": "model",
          "model": "item/alectric/staff_of_undead"
        }
      }
    ]
  }
}