{
  "model": {
    "type": "range_dispatch",
    "property": "custom_model_data",
    "fallback": {
      "type": "model",
      "model": "item/music_disc_11"
    },
    "entries": [
      {
        "threshold": 28,
        "model": {
          "type": "model",
          "model": "item/music_disc_moonducktalesoneunknownartistone"
        }
      },
      {
        "threshold": 29,
        "model": {
          "type": "model",
          "model": "item/music_disc_panjabimcmundiantobachkebewareoftheboysofficialvideounknownartistoneunknownartistone"
        }
      },
      {
        "threshold": 24,
        "model": {
          "type": "model",
          "model": "item/music_disc_overworldsupermariobrostwooneunknownartistone"
        }
      },
      {
        "threshold": 25,
        "model": {
          "type": "model",
          "model": "item/music_disc_steveslavachickenunknownartistone"
        }
      },
      {
        "threshold": 13,
        "model": {
          "type": "model",
          "model": "item/music_disc_retirefinalalvedononeunknownartistone"
        }
      },
      {
        "threshold": 14,
        "model": {
          "type": "model",
          "model": "item/music_disc_ambienslidecigarettesaftersexunknownartistoneunknownartistone"
        }
      },
      {
        "threshold": 15,
        "model": {
          "type": "model",
          "model": "item/music_disc_titlezeldaocarinaoftimeoneunknownartistone"
        }
      },
      {
        "threshold": 16,
        "model": {
          "type": "model",
          "model": "item/music_disc_overworlddayterrariaoneunknownartistone"
        }
      },
      {
        "threshold": 17,
        "model": {
          "type": "model",
          "model": "item/music_disc_boomboxfivelethalcompanyoneunknownartistone"
        }
      },
      {
        "threshold": 18,
        "model": {
          "type": "model",
          "model": "item/music_disc_silversablecigarettesaftersexunknownartistoneunknownartistone"
        }
      },
      {
        "threshold": 19,
        "model": {
          "type": "model",
          "model": "item/music_disc_gerudovalleyzeldaocarinaoftimeoneunknownartistone"
        }
      },
      {
        "threshold": 20,
        "model": {
          "type": "model",
          "model": "item/music_disc_stardewvalleyostdanceofthemoonlightjelliesoneunknownartistone"
        }
      },
      {
        "threshold": 1,
        "model": {
          "type": "model",
          "model": "item/music_disc_youngdumbcigarettesaftersexunknownartistoneunknownartistone"
        }
      },
      {
        "threshold": 2,
        "model": {
          "type": "model",
          "model": "item/music_disc_akonlonelyunknownartistoneunknownartistone"
        }
      },
      {
        "threshold": 3,
        "model": {
          "type": "model",
          "model": "item/music_disc_motionpicturesoundtrackcigarettesaftersexoneunknownartistone"
        }
      },
      {
        "threshold": 4,
        "model": {
          "type": "model",
          "model": "item/music_disc_sesamesyrupcigarettesaftersexoneunknownartistone"
        }
      },
      {
        "threshold": 5,
        "model": {
          "type": "model",
          "model": "item/music_disc_craftmydreamunknownartistoneunknownartistone"
        }
      },
      {
        "threshold": 6,
        "model": {
          "type": "model",
          "model": "item/music_disc_pistolcigarettesaftersexoneunknownartistone"
        }
      },
      {
        "threshold": 7,
        "model": {
          "type": "model",
          "model": "item/music_disc_moonlitalectricitioneunknownartistone"
        }
      },
      {
        "threshold": 8,
        "model": {
          "type": "model",
          "model": "item/music_disc_astheworldcavesinone"
        }
      },
      {
        "threshold": 9,
        "model": {
          "type": "model",
          "model": "item/music_disc_thecaretakerlibetsdelayone"
        }
      },
      {
        "threshold": 10,
        "model": {
          "type": "model",
          "model": "item/music_disc_zorasdomainone"
        }
      },
      {
        "threshold": 11,
        "model": {
          "type": "model",
          "model": "item/music_disc_greatfairyfountainone"
        }
      },
      {
        "threshold": 12,
        "model": {
          "type": "model",
          "model": "item/music_disc_ratatouilleone"
        }
      },
      {
        "threshold": 21,
        "model": {
          "type": "model",
          "model": "item/music_disc_amusealectricitione"
        }
      },
      {
        "threshold": 22,
        "model": {
          "type": "model",
          "model": "item/music_disc_memetoalectricitione"
        }
      },
      {
        "threshold": 23,
        "model": {
          "type": "model",
          "model": "item/music_disc_playalectricitione"
        }
      },
      {
        "threshold": 26,
        "model": {
          "type": "model",
          "model": "item/music_disc_shenanigansalectricitione"
        }
      },
      {
        "threshold": 27,
        "model": {
          "type": "model",
          "model": "item/music_disc_concerninghobbitshowardshoreone"
        }
      },
      {
        "threshold": 30,
        "model": {
          "type": "model",
          "model": "item/music_disc_ultimatelykhaidreamsone"
        }
      }
    ]
  }
}