{
  "model": {
    "type": "select",
    "property": "custom_model_data",
    "fallback": {
      "type": "model",
      "model": "item/netherite_pickaxe"
    },
    "cases": [
      {
        "when": "netherite_extendo_grip",
        "model": {
          "type": "model",
          "model": "item/alectric/netherite_extendo_grip",
		  "hand_animation_on_swap": "false"
        }
      },
	  {
        "when": "saddle_paddle",
        "model": {
          "type": "model",
          "model": "item/alectric/saddle_paddle"
        }
      }
    ]
  }
}