{
  "model": {
    "type": "select",
    "property": "custom_model_data",
    "fallback": {
      "type": "model",
      "model": "item/wooden_hoe"
    },
    "cases": [
      {
        "when": "staff_of_life",
        "model": {
          "type": "model",
          "model": "item/alectric/staff_of_life"
        }
      },
	  {
        "when": "staff_of_nature",
        "model": {
          "type": "model",
          "model": "item/alectric/staff_of_nature"
        }
      }
    ]
  }
}